Model ID,Cluster ID,1,1,2,2,3,3,4,4,5,5,6,6,Ryan,Rebecca,Ethan,match level,Index of intruder (answer),num annotators match answer key,model precision ,"annotators agree with each other, but disagree with model",annotators disagree and no one agreed with model
2022-03_kmeans_clusters,0,anime,anime,OnePunchMan,OnePunchMan,OnePiece,OnePiece,titanfolk,titanfolk,KUWTK,KUWTK,manga,manga,5,5,5,3,5,3,1,,
2022-03_kmeans_clusters,1,booty_queens,booty_queens,airsoft,airsoft,guns,guns,army,army,GunAccessoriesForSale,GunAccessoriesForSale,ar15,ar15,1,1,1,3,1,3,1,,
2022-03_kmeans_clusters,2,NewTubers,NewTubers,soundboardpranks,soundboardpranks,itookapicture,itookapicture,Entrepreneur,Entrepreneur,PhotoshopRequest,PhotoshopRequest,travel,travel,2,4,4,2,2,1,0.3333333333,interesting mismatch,
2022-03_kmeans_clusters,3,pelotoncycle,pelotoncycle,bicycling,bicycling,AsianLadyboners,AsianLadyboners,skiing,skiing,cycling,cycling,running,running,3,3,3,3,3,3,1,,
2022-03_kmeans_clusters,4,NintendoSwitch,NintendoSwitch,UCI,UCI,retrogaming,retrogaming,GameSale,GameSale,3DS,3DS,gamecollecting,gamecollecting,2,2,2,3,2,3,1,,
2022-03_kmeans_clusters,5,squishmallow,squishmallow,StardewValley,StardewValley,crochet,crochet,Random_Acts_Of_Amazon,Random_Acts_Of_Amazon,NUFC,NUFC,AnimalCrossing,AnimalCrossing,5,5,5,3,5,3,1,,
2022-03_kmeans_clusters,6,Austria,Austria,NFTsMarketplace,NFTsMarketplace,opensea,opensea,NFT,NFT,CryptoMoonShots,CryptoMoonShots,NFTgiveaway,NFTgiveaway,1,1,1,3,1,3,1,,
2022-03_kmeans_clusters,7,hentai,hentai,rule34,rule34,batteries,batteries,gonewildaudio,gonewildaudio,HentaiAndRoleplayy,HentaiAndRoleplayy,IWantToBeHerHentai2,IWantToBeHerHentai2,3,3,3,3,3,3,1,,
2022-03_kmeans_clusters,8,nsfw,nsfw,tiktoknsfw,tiktoknsfw,cumsluts,cumsluts,tiktokthots,tiktokthots,pocketstyler,pocketstyler,pornID,pornID,5,5,5,3,5,3,1,,
2022-03_kmeans_clusters,9,facepalm,facepalm,Damnthatsinteresting,Damnthatsinteresting,conspiracy,conspiracy,mildlyinfuriating,mildlyinfuriating,interestingasfuck,interestingasfuck,PublicFreakout,PublicFreakout,3,3,3,3,3,3,1,,
2022-03_kmeans_clusters,10,shitposting,shitposting,196,196,memes,memes,dankmemes,dankmemes,teenagers,teenagers,wallstreetbets,wallstreetbets,6,2,6,2,6,2,0.6666666667,,
2022-03_kmeans_clusters,11,survivor,survivor,Sims4,Sims4,rupaulsdragrace,rupaulsdragrace,regularcarreviews,regularcarreviews,euphoria,euphoria,SpoiledDragRace,SpoiledDragRace,4,4,4,3,4,3,1,,
2022-03_kmeans_clusters,12,UFOs,UFOs,HighStrangeness,HighStrangeness,spirituality,spirituality,Ghosts,Ghosts,aliens,aliens,AnarchyChess,AnarchyChess,6,6,6,3,6,3,1,,
2022-03_kmeans_clusters,13,texas,texas,chicago,chicago,houston,houston,Austin,Austin,CanadianHardwareSwap,CanadianHardwareSwap,AskAnAmerican,AskAnAmerican,5,5,6,2,5,2,0.6666666667,,
2022-03_kmeans_clusters,14,RepLadies,RepLadies,weddingplanning,weddingplanning,Polska,Polska,TwoXChromosomes,TwoXChromosomes,AskWomen,AskWomen,loseit,loseit,3,3,3,3,3,3,1,,
2022-03_kmeans_clusters,15,maturemilf,maturemilf,feetpics,feetpics,chubby,chubby,PowerShell,PowerShell,BBW,BBW,mombod,mombod,4,4,3,2,4,2,0.6666666667,,
2022-03_kmeans_clusters,16,Tools,Tools,Truckers,Truckers,biology,biology,flying,flying,Welding,Welding,motorcycles,motorcycles,3,3,3,3,3,3,1,,
2022-03_kmeans_clusters,17,vancouver,vancouver,ontario,ontario,danganronpa,danganronpa,canada,canada,PersonalFinanceCanada,PersonalFinanceCanada,torontoraptors,torontoraptors,3,3,5,2,3,2,0.6666666667,,
2022-03_kmeans_clusters,18,Sat,Sat,gradadmissions,gradadmissions,ApplyingToCollege,ApplyingToCollege,college,college,lawschooladmissions,lawschooladmissions,Shining_Nikki,Shining_Nikki,6,6,6,3,6,3,1,,
2022-03_kmeans_clusters,19,RedHotChiliPeppers,RedHotChiliPeppers,ToolBand,ToolBand,vinyl,vinyl,Ghostbc,Ghostbc,gaghiha,gaghiha,Music,Music,5,4,5,2,5,2,0.6666666667,,
2022-03_kmeans_clusters,20,assholedesign,assholedesign,S22Ultra,S22Ultra,headphones,headphones,NintendoStitch,NintendoStitch,GooglePixel,GooglePixel,Piracy,Piracy,6,2,3,1,4,0,0,,everyone disagrees
2022-03_kmeans_clusters,21,BangaloreGW,BangaloreGW,Desijobuds,Desijobuds,IndiansGoneWild,IndiansGoneWild,BrownHotties,BrownHotties,speedrun,speedrun,BollywoodMilfs,BollywoodMilfs,5,5,5,3,5,3,1,,
2022-03_kmeans_clusters,22,japanlife,japanlife,u_Slutmeatcunt,u_Slutmeatcunt,China,China,China_irl,China_irl,DoubanGoosegroup,DoubanGoosegroup,languagelearning,languagelearning,,2,2,error,2,2,0.6666666667,,
2022-03_kmeans_clusters,23,40kLore,40kLore,appletv,appletv,minipainting,minipainting,WarhammerCompetitive,WarhammerCompetitive,Warhammer40k,Warhammer40k,Grimdank,Grimdank,2,2,2,3,2,3,1,,
2022-03_kmeans_clusters,24,askgaybros,askgaybros,GaybrosGoneWild,GaybrosGoneWild,DunderMifflin,DunderMifflin,MassiveCock,MassiveCock,cock,cock,GaySnapchat,GaySnapchat,3,3,3,3,3,3,1,,
2022-03_kmeans_clusters,25,destiny2,destiny2,apexlegends,apexlegends,DestinyTheGame,DestinyTheGame,FortNiteBR,FortNiteBR,deadbydaylight,deadbydaylight,China_irl,China_irl,6,6,6,3,6,3,1,,
2022-03_kmeans_clusters,26,WestSubEver,WestSubEver,playboicarti,playboicarti,hiphopheads,hiphopheads,Eminem,Eminem,snakes,snakes,Kanye,Kanye,5,5,5,3,5,3,1,,
2022-03_kmeans_clusters,27,wallstreetbets,wallstreetbets,Superstonk,Superstonk,amcstock,amcstock,stocks,stocks,SquaredCircle,SquaredCircle,Wallstreetsilver,Wallstreetsilver,5,5,5,3,5,3,1,,
2022-03_kmeans_clusters,28,aww,aww,horror,horror,dogs,dogs,Eyebleach,Eyebleach,cats,cats,AnimalsBeingDerps,AnimalsBeingDerps,2,2,2,3,2,3,1,,
2022-03_kmeans_clusters,29,skyrim,skyrim,totalwar,totalwar,RimWorld,RimWorld,Nootropics,Nootropics,starcitizen,starcitizen,NoMansSkyTheGame,NoMansSkyTheGame,4,4,4,3,4,3,1,,
2022-03_kmeans_clusters,30,ar15,ar15,steroids,steroids,bjj,bjj,Accounting,Accounting,Fitness,Fitness,moreplatesmoredates,moreplatesmoredates,4,4,4,3,1,0,0,interesting mismatch,
2022-03_kmeans_clusters,31,DavidBowie,DavidBowie,lgbt,lgbt,TranscribersOfReddit,TranscribersOfReddit,autism,autism,traaaaaaannnnnnnnnns,traaaaaaannnnnnnnnns,MtF,MtF,1,3,4,1,1,1,0.3333333333,,everyone disagrees
2022-03_kmeans_clusters,32,onewheel,onewheel,TeslaModel3,TeslaModel3,teslamotors,teslamotors,HalfLife,HalfLife,electricvehicles,electricvehicles,Costco,Costco,4,6,??? 4 or 6,error,4,1,0.3333333333,,
2022-03_kmeans_clusters,33,FreeCompliments,FreeCompliments,gonewild,gonewild,Destiny,Destiny,SluttyConfessions,SluttyConfessions,dirtyr4r,dirtyr4r,AskRedditAfterDark,AskRedditAfterDark,3,3,3,3,3,3,1,,
2022-03_kmeans_clusters,34,Drugs,Drugs,modernwarfare,modernwarfare,microgrowery,microgrowery,trees,trees,weed,weed,shrooms,shrooms,2,2,2,3,2,3,1,,
2022-03_kmeans_clusters,35,indonesia,indonesia,kpopthoughts,kpopthoughts,Philippines,Philippines,Psychonaut,Psychonaut,singapore,singapore,malaysia,malaysia,4,4,4,3,4,3,1,,
2022-03_kmeans_clusters,36,OnlyFansPromotions,OnlyFansPromotions,FreeKarma4U,FreeKarma4U,onlyfansgirls101,onlyfansgirls101,FreeKarma4You,FreeKarma4You,OnlyFans101,OnlyFans101,OnePiece,OnePiece,6,6,6,3,6,3,1,,
2022-03_kmeans_clusters,37,nrl,nrl,australia,australia,melbourne,melbourne,MAFS_AU,MAFS_AU,HypixelSkyblock,HypixelSkyblock,newzealand,newzealand,5,5,5,3,5,3,1,,
2022-03_kmeans_clusters,38,Aquariums,Aquariums,Garena,Garena,Rabbits,Rabbits,bettafish,bettafish,whatsthisbug,whatsthisbug,houseplants,houseplants,2,2,2,3,2,3,1,,
2022-03_kmeans_clusters,39,greentext,greentext,4chan,4chan,HistoryMemes,HistoryMemes,MapPorn,MapPorn,PoliticalCompassMemes,PoliticalCompassMemes,therewasanattempt,therewasanattempt,4,6,6,2,6,2,0.6666666667,,
2022-03_kmeans_clusters,40,serbia,serbia,europe,europe,croatia,croatia,hungary,hungary,Whatcouldgowrong,Whatcouldgowrong,france,france,5,5,5,3,5,3,1,,
2022-03_kmeans_clusters,41,DunderMifflin,DunderMifflin,startrek,startrek,betterCallSaul,betterCallSaul,TeamSESH,TeamSESH,TheSimpsons,TheSimpsons,SeveranceAppleTVPlus,SeveranceAppleTVPlus,4,4,4,3,4,3,1,,
2022-03_kmeans_clusters,42,army,army,LivestreamFail,LivestreamFail,2007scape,2007scape,lostarkgame,lostarkgame,wow,wow,ffxiv,ffxiv,1,1,1,3,1,3,1,,
2022-03_kmeans_clusters,43,philadelphia,philadelphia,boston,boston,nyc,nyc,washingtondc,washingtondc,AskNYC,AskNYC,StorybookBrawl,StorybookBrawl,6,6,6,3,6,3,1,,
2022-03_kmeans_clusters,44,Turkey,Turkey,islam,islam,ich_iel,ich_iel,pakistan,pakistan,AskMiddleEast,AskMiddleEast,KGBTR,KGBTR,3,3,3,3,3,3,1,,
2022-03_kmeans_clusters,45,ClashRoyale,ClashRoyale,CallOfDutyMobile,CallOfDutyMobile,barstoolsports,barstoolsports,RocketLeague,RocketLeague,Brawlstars,Brawlstars,polls,polls,6,6,6,3,3,0,0,interesting mismatch,
2022-03_kmeans_clusters,46,linux_gaming,linux_gaming,techsupport,techsupport,sysadmin,sysadmin,linuxmasterrace,linuxmasterrace,3Dprinting,3Dprinting,mythology,mythology,6,6,6,3,6,3,1,,
2022-03_kmeans_clusters,47,DC_Cinematic,DC_Cinematic,RedditSessions,RedditSessions,TheYouShow,TheYouShow,u_Tram1095ty,u_Tram1095ty,u_Raissao1074a,u_Raissao1074a,distantsocializing,distantsocializing,,2,1,error,1,1,0.3333333333,,
2022-03_kmeans_clusters,48,halo,halo,RoyaleHigh_Roblox,RoyaleHigh_Roblox,lotrmemes,lotrmemes,lego,lego,StarWars,StarWars,PrequelMemes,PrequelMemes,1,2,???,error,2,1,0.3333333333,,
2022-03_kmeans_clusters,49,namenerds,namenerds,Parenting,Parenting,SquaredCircle,SquaredCircle,AmItheAsshole,AmItheAsshole,Teachers,Teachers,BabyBumps,BabyBumps,3,3,3,3,3,3,1,,
2022-03_kmeans_clusters,50,apple,apple,iphone,iphone,jailbreak,jailbreak,tolkienfans,tolkienfans,mac,mac,AppleWatch,AppleWatch,4,4,4,3,4,3,1,,
2022-03_kmeans_clusters,51,politics,politics,worldnews,worldnews,FreeKarma4U,FreeKarma4U,news,news,antiwork,antiwork,WhitePeopleTwitter,WhitePeopleTwitter,3,3,3,3,3,3,1,,
2022-03_kmeans_clusters,52,Showerthoughts,Showerthoughts,LifeProTips,LifeProTips,Genshin_Memepact,Genshin_Memepact,Jokes,Jokes,u_Quynh1095tya,u_Quynh1095tya,counting,counting,,6,5,error,3,0,0,,
2022-03_kmeans_clusters,53,guitarpedals,guitarpedals,OttawaNSFW,OttawaNSFW,audiophile,audiophile,Guitar,Guitar,WeAreTheMusicMakers,WeAreTheMusicMakers,synthesizers,synthesizers,2,2,2,3,2,3,1,,
2022-03_kmeans_clusters,54,gardening,gardening,shittyfoodporn,shittyfoodporn,food,food,vegan,vegan,ViralAlbum,ViralAlbum,Cooking,Cooking,5,5,5,3,5,3,1,,
2022-03_kmeans_clusters,55,VaushV,VaushV,collapse,collapse,LateStageCapitalism,LateStageCapitalism,neoliberal,neoliberal,GenZedong,GenZedong,harrypotter,harrypotter,6,6,6,3,6,3,1,,
2022-03_kmeans_clusters,56,DnD,DnD,BostonBruins,BostonBruins,dndmemes,dndmemes,dndnext,dndnext,DMAcademy,DMAcademy,boardgames,boardgames,2,2,2,3,2,3,1,,
2022-03_kmeans_clusters,57,FragReddit,FragReddit,ich_iel,ich_iel,miamidolphins,miamidolphins,Finanzen,Finanzen,Austria,Austria,de,de,3,3,3,3,3,3,1,,
2022-03_kmeans_clusters,58,learnprogramming,learnprogramming,recruitinghell,recruitinghell,ProgrammerHumor,ProgrammerHumor,btd6,btd6,cscareerquestions,cscareerquestions,webdev,webdev,4,4,4,3,4,3,1,,
2022-03_kmeans_clusters,59,de,de,Genshin_Impact,Genshin_Impact,Genshin_Impact_Leaks,Genshin_Impact_Leaks,masterduel,masterduel,grandorder,grandorder,Hololive,Hololive,1,1,1,3,1,3,1,,
2022-03_kmeans_clusters,60,FemBoys,FemBoys,traps,traps,crossdressing,crossdressing,Sissies,Sissies,femboy,femboy,Finanzen,Finanzen,6,6,6,3,6,3,1,,
2022-03_kmeans_clusters,61,u_Tran1095ty,u_Tran1095ty,InfluencergossipDK,InfluencergossipDK,Qdpay,Qdpay,BlackClover,BlackClover,GachaClubPOV,GachaClubPOV,WaterCoolerWednesday,WaterCoolerWednesday,,2,??? u_Tran is a spam account. ,error,4,0,0,,
2022-03_kmeans_clusters,62,Undertale,Undertale,RoyaleHighTrading,RoyaleHighTrading,GachaClub,GachaClub,kickopenthedoor,kickopenthedoor,Minecraft,Minecraft,TheRightCantMeme,TheRightCantMeme,6,2,6,2,6,2,0.6666666667,,
2022-03_kmeans_clusters,63,Justrolledintotheshop,Justrolledintotheshop,BMW,BMW,NSFW_Social,NSFW_Social,cars,cars,MechanicAdvice,MechanicAdvice,WRX,WRX,3,3,3,3,3,3,1,,
2022-03_kmeans_clusters,64,JoeRogan,JoeRogan,Libertarian,Libertarian,Conservative,Conservative,Anarcho_Capitalism,Anarcho_Capitalism,pussy,pussy,conspiracy,conspiracy,5,5,5,3,5,3,1,,
2022-03_kmeans_clusters,65,PokemonGoFriends,PokemonGoFriends,religion,religion,pokemongo,pokemongo,PokemonGoRaids,PokemonGoRaids,pokemontrades,pokemontrades,pokemon,pokemon,2,2,2,3,2,3,1,,
2022-03_kmeans_clusters,66,suggestmeabook,suggestmeabook,writing,writing,FanFiction,FanFiction,books,books,Fantasy,Fantasy,learnmath,learnmath,6,6,6,3,6,3,1,,
2022-03_kmeans_clusters,67,ukpolitics,ukpolitics,CasualUK,CasualUK,AskUK,AskUK,unitedkingdom,unitedkingdom,Browns,Browns,ireland,ireland,5,5,5,3,5,3,1,,
2022-03_kmeans_clusters,68,TheOwlHouse,TheOwlHouse,SonicTheHedgehog,SonicTheHedgehog,DeathBattleMatchups,DeathBattleMatchups,forhire,forhire,DBZDokkanBattle,DBZDokkanBattle,danganronpa,danganronpa,4,4,4,3,4,3,1,,
2022-03_kmeans_clusters,69,MMA,MMA,ufc,ufc,Chiraqology,Chiraqology,nba,nba,sportsbook,sportsbook,distantsocializing,distantsocializing,6,3,6,2,6,2,0.6666666667,,
2022-03_kmeans_clusters,70,90DayFiance,90DayFiance,KUWTK,KUWTK,thebachelor,thebachelor,TeenMomOGandTeenMom2,TeenMomOGandTeenMom2,90dayfianceuncensored,90dayfianceuncensored,TheRightCantMeme,TheRightCantMeme,6,6,6,3,6,3,1,,
2022-03_kmeans_clusters,71,bayarea,bayarea,Seattle,Seattle,Portland,Portland,sandiego,sandiego,Cursedgunimages,Cursedgunimages,LosAngeles,LosAngeles,5,5,5,3,5,3,1,,
2022-03_kmeans_clusters,72,actuallesbians,actuallesbians,legaladvice,legaladvice,HomeImprovement,HomeImprovement,RealEstate,RealEstate,woodworking,woodworking,personalfinance,personalfinance,1,1,1,3,1,3,1,,
2022-03_kmeans_clusters,73,dataisbeautiful,dataisbeautiful,chess,chess,space,space,explainlikeimfive,explainlikeimfive,slutwife,slutwife,AskEngineers,AskEngineers,5,5,5,3,5,3,1,,
2022-03_kmeans_clusters,74,argentina,argentina,WinStupidPrizes,WinStupidPrizes,chile,chile,mexico,mexico,brasil,brasil,brasilivre,brasilivre,2,2,2,3,2,3,1,,
2022-03_kmeans_clusters,75,Bitcoin,Bitcoin,pussy,pussy,needysluts,needysluts,amihot,amihot,selfie,selfie,BreedingMaterial,BreedingMaterial,1,1,1,3,1,3,1,,
2022-03_kmeans_clusters,76,hockey,hockey,barstoolsports,barstoolsports,baseball,baseball,nfl,nfl,OnePiece,OnePiece,CollegeBasketball,CollegeBasketball,5,5,5,3,5,3,1,,
2022-03_kmeans_clusters,77,IndianTeenagers,IndianTeenagers,IndiaSpeaks,IndiaSpeaks,india,india,Cricket,Cricket,Firearms,Firearms,IndianDankMemes,IndianDankMemes,5,5,5,3,5,3,1,,
2022-03_kmeans_clusters,78,AskARussian,AskARussian,CombatFootage,CombatFootage,ukraine,ukraine,nfl,nfl,UkrainianConflict,UkrainianConflict,UkraineWarVideoReport,UkraineWarVideoReport,4,4,4,3,4,3,1,,
2022-03_kmeans_clusters,79,leagueoflegends,leagueoflegends,ValorantCompetitive,ValorantCompetitive,PCOS,PCOS,LegendsOfRuneterra,LegendsOfRuneterra,LeagueOfMemes,LeagueOfMemes,wildrift,wildrift,3,3,3,3,3,3,1,,
2022-03_kmeans_clusters,80,tennis,tennis,mildlyinteresting,mildlyinteresting,Gunners,Gunners,soccer,soccer,formula1,formula1,formuladank,formuladank,2,2,2,3,2,3,1,,
2022-03_kmeans_clusters,81,premed,premed,IPLRedditLeague,IPLRedditLeague,nursing,nursing,Residency,Residency,medicine,medicine,medicalschool,medicalschool,2,2,2,3,2,3,1,,
2022-03_kmeans_clusters,82,Gamingcirclejerk,Gamingcirclejerk,Eldenring,Eldenring,gaming,gaming,PS5,PS5,PublicFreakout,PublicFreakout,BeyondTheFog,BeyondTheFog,5,5,5,3,5,3,1,,
2022-03_kmeans_clusters,83,Cooking,Cooking,pcgaming,pcgaming,buildapc,buildapc,pcmasterrace,pcmasterrace,EscapefromTarkov,EscapefromTarkov,SteamDeck,SteamDeck,1,1,1,3,1,3,1,,
2022-03_kmeans_clusters,84,television,television,horror,horror,pregnant,pregnant,boxoffice,boxoffice,movies,movies,tipofmytongue,tipofmytongue,3,3,3,3,3,3,1,,
2022-03_kmeans_clusters,85,exmormon,exmormon,Christianity,Christianity,atheism,atheism,bikinitalk,bikinitalk,exjw,exjw,Catholicism,Catholicism,4,4,4,3,4,3,1,,
2022-03_kmeans_clusters,86,doordash,doordash,AmazonFC,AmazonFC,walmart,walmart,InstacartShoppers,InstacartShoppers,doordash_drivers,doordash_drivers,SATXgonewild,SATXgonewild,6,6,6,3,6,3,1,,
2022-03_kmeans_clusters,87,WWEGames,WWEGames,batman,batman,nyc,nyc,DC_Cinematic,DC_Cinematic,marvelmemes,marvelmemes,marvelstudios,marvelstudios,3,3,3,3,3,3,1,,
2022-03_kmeans_clusters,88,fo76,fo76,malaysia,malaysia,Market76,Market76,gtaonline,gtaonline,granturismo,granturismo,CODWarzone,CODWarzone,2,2,2,3,2,3,1,,
2022-03_kmeans_clusters,89,u_Geekykitty9,u_Geekykitty9,bipolar,bipolar,Anxiety,Anxiety,ADHD,ADHD,depression,depression,stopdrinking,stopdrinking,,1,1,error,1,2,0.6666666667,,
2022-03_kmeans_clusters,90,dadjokes,dadjokes,discgolf,discgolf,YourBizarreAdventure,YourBizarreAdventure,KitchenConfidential,KitchenConfidential,castiron,castiron,golf,golf,3,3,3,3,3,3,1,,
2022-03_kmeans_clusters,91,medical,medical,covidlonghaulers,covidlonghaulers,AskDocs,AskDocs,keto,keto,SissificationProject,SissificationProject,popping,popping,6,5,5,2,5,2,0.6666666667,,
2022-03_kmeans_clusters,92,Crypto_com,Crypto_com,meme,meme,dogecoin,dogecoin,Bitcoin,Bitcoin,SafeMoon,SafeMoon,CryptoCurrency,CryptoCurrency,2,2,2,3,2,3,1,,
2022-03_kmeans_clusters,93,u_Tra1095ty7,u_Tra1095ty7,rolex,rolex,Watches,Watches,Knife_Swap,Knife_Swap,Guelph,Guelph,fountainpens,fountainpens,,1,??? 1 or 5. I think 1 is spam,error,5,0,0,,
2022-03_kmeans_clusters,94,blender,blender,Art,Art,malelivingspace,malelivingspace,comics,comics,HungryArtists,HungryArtists,drawing,drawing,3,3,3,3,3,3,1,,
2022-03_kmeans_clusters,95,NSFW_Tributes,NSFW_Tributes,Roleplaybuddy,Roleplaybuddy,greentext,greentext,jerkbudss,jerkbudss,cumtributes,cumtributes,TrueFMK,TrueFMK,3,3,2,2,3,2,0.6666666667,,
2022-03_kmeans_clusters,96,mbti,mbti,bapccanada,bapccanada,aspergers,aspergers,NoFap,NoFap,infp,infp,CPTSD,CPTSD,2,2,2,3,2,3,1,,
2022-03_kmeans_clusters,97,redscarepod,redscarepod,SCJerk,SCJerk,OldSchoolCool,OldSchoolCool,jerkbudss,jerkbudss,SquaredCircle,SquaredCircle,thefighterandthekid,thefighterandthekid,4,3,3,2,4,1,0.3333333333,interesting mismatch,
2022-03_kmeans_clusters,98,Sneakers,Sneakers,onebag,onebag,Repsneakers,Repsneakers,FashionReps,FashionReps,repbudgetsneakers,repbudgetsneakers,RepTime,RepTime,2,2,2,3,2,3,1,,
,,,,,,,,,,,,,,,,errors,8,,,,,
,,,,,,,,,,,,,,,,3,77,,,,,
,,,,,,,,,,,,,,,,2,12,,,,,
,,,,,,,,,,,,,,,,1,2,,avg model precision,0.8960573477,,
,,,,,,,,,,,,,,,,,,,std dev model precision,0.2406638094,,