Model ID,Cluster ID,Ryan Coherence,Rebecca Coherence,Ethan Coherence
2022-03_agglomerative_clusters,0,1,1,1
2022-03_agglomerative_clusters,1,0,0,1
2022-03_agglomerative_clusters,2,1,1,0
2022-03_agglomerative_clusters,3,0,1,1
2022-03_agglomerative_clusters,4,1,1,0
2022-03_agglomerative_clusters,5,0,1,0
2022-03_agglomerative_clusters,6,1,1,1
2022-03_agglomerative_clusters,7,0,0,1
2022-03_agglomerative_clusters,8,1,1,1
2022-03_agglomerative_clusters,9,1,1,1
2022-03_agglomerative_clusters,10,1,1,1
2022-03_agglomerative_clusters,11,1,1,1
2022-03_agglomerative_clusters,12,0,1,0
2022-03_agglomerative_clusters,13,1,1,1
2022-03_agglomerative_clusters,14,1,1,1
2022-03_agglomerative_clusters,15,1,1,1
2022-03_agglomerative_clusters,16,1,1,1
2022-03_agglomerative_clusters,17,1,1,1
2022-03_agglomerative_clusters,18,1,1,1
2022-03_agglomerative_clusters,19,1,1,1
2022-03_agglomerative_clusters,20,1,1,1
2022-03_agglomerative_clusters,21,0,0,0
2022-03_agglomerative_clusters,22,1,1,0
2022-03_agglomerative_clusters,23,1,1,1
2022-03_agglomerative_clusters,24,1,1,1
2022-03_agglomerative_clusters,25,1,1,1
2022-03_agglomerative_clusters,26,0,0,1
2022-03_agglomerative_clusters,27,1,1,1
2022-03_agglomerative_clusters,28,1,1,1
2022-03_agglomerative_clusters,29,1,1,1
2022-03_agglomerative_clusters,30,0,1,1
2022-03_agglomerative_clusters,31,1,1,1
2022-03_agglomerative_clusters,32,1,1,1
2022-03_agglomerative_clusters,33,1,1,1
2022-03_agglomerative_clusters,34,1,1,1
2022-03_agglomerative_clusters,35,1,1,1
2022-03_agglomerative_clusters,36,1,1,1
2022-03_agglomerative_clusters,37,1,1,1
2022-03_agglomerative_clusters,38,1,1,1
2022-03_agglomerative_clusters,39,1,1,1
2022-03_agglomerative_clusters,40,1,1,1
2022-03_agglomerative_clusters,41,0,0,1
2022-03_agglomerative_clusters,42,0,1,1
2022-03_agglomerative_clusters,43,0,1,0
2022-03_agglomerative_clusters,44,1,1,1
2022-03_agglomerative_clusters,45,1,1,1
2022-03_agglomerative_clusters,46,1,1,1
2022-03_agglomerative_clusters,47,1,1,1
2022-03_agglomerative_clusters,48,1,1,1
2022-03_agglomerative_clusters,49,1,1,1
2022-03_agglomerative_clusters,50,1,1,1
2022-03_agglomerative_clusters,51,1,1,0
2022-03_agglomerative_clusters,52,0,0,0
2022-03_agglomerative_clusters,53,1,1,0
2022-03_agglomerative_clusters,54,0,1,0
2022-03_agglomerative_clusters,55,1,0,0
2022-03_agglomerative_clusters,56,1,1,0
2022-03_agglomerative_clusters,57,1,1,0
2022-03_agglomerative_clusters,58,1,1,0
2022-03_agglomerative_clusters,59,1,1,0
2022-03_agglomerative_clusters,60,1,1,1
2022-03_agglomerative_clusters,61,0,0,0
2022-03_agglomerative_clusters,62,1,1,1
2022-03_agglomerative_clusters,63,1,1,0
2022-03_agglomerative_clusters,64,0,0,0
2022-03_agglomerative_clusters,65,1,1,0
2022-03_agglomerative_clusters,66,1,1,1
2022-03_agglomerative_clusters,67,1,1,0
2022-03_agglomerative_clusters,68,0,0,0
2022-03_agglomerative_clusters,69,1,1,0
2022-03_agglomerative_clusters,70,1,0,1
2022-03_agglomerative_clusters,71,1,1,0
2022-03_agglomerative_clusters,72,1,1,0
2022-03_agglomerative_clusters,73,1,1,0
2022-03_agglomerative_clusters,74,1,1,1
2022-03_agglomerative_clusters,75,1,1,0
2022-03_agglomerative_clusters,76,0,0,0
2022-03_agglomerative_clusters,77,1,1,0
2022-03_agglomerative_clusters,78,0,0,0
2022-03_agglomerative_clusters,79,1,1,0
2022-03_agglomerative_clusters,80,1,1,1
2022-03_agglomerative_clusters,81,0,0,1
2022-03_agglomerative_clusters,82,0,0,0
2022-03_agglomerative_clusters,83,1,1,0
2022-03_agglomerative_clusters,84,1,1,0
2022-03_agglomerative_clusters,85,1,1,0
2022-03_agglomerative_clusters,86,0,0,0
2022-03_agglomerative_clusters,87,1,1,0
2022-03_agglomerative_clusters,88,1,1,1
2022-03_agglomerative_clusters,89,0,0,0
2022-03_agglomerative_clusters,90,1,1,1
2022-03_agglomerative_clusters,91,1,1,0
2022-03_agglomerative_clusters,92,1,1,1
2022-03_agglomerative_clusters,93,1,1,1
2022-03_agglomerative_clusters,94,1,1,1
2022-03_agglomerative_clusters,95,1,1,0
2022-03_agglomerative_clusters,96,0,0,0
2022-03_agglomerative_clusters,97,1,1,1
2022-03_agglomerative_clusters,98,1,1,0
2022-03_agglomerative_clusters,99,1,1,0
2021-07_agglomerative_clusters,0,1,1,1
2021-07_agglomerative_clusters,1,0,0,1
2021-07_agglomerative_clusters,2,1,1,1
2021-07_agglomerative_clusters,3,1,0,0
2021-07_agglomerative_clusters,4,1,1,1
2021-07_agglomerative_clusters,5,0,1,0
2021-07_agglomerative_clusters,6,1,1,1
2021-07_agglomerative_clusters,7,1,1,1
2021-07_agglomerative_clusters,8,1,1,1
2021-07_agglomerative_clusters,9,0,0,1
2021-07_agglomerative_clusters,10,1,0,1
2021-07_agglomerative_clusters,11,0,0,0
2021-07_agglomerative_clusters,12,1,1,1
2021-07_agglomerative_clusters,13,1,1,1
2021-07_agglomerative_clusters,14,1,1,1
2021-07_agglomerative_clusters,15,0,0,0
2021-07_agglomerative_clusters,16,1,1,0
2021-07_agglomerative_clusters,17,1,0,0
2021-07_agglomerative_clusters,18,1,1,1
2021-07_agglomerative_clusters,19,1,1,1
2021-07_agglomerative_clusters,20,1,1,1
2021-07_agglomerative_clusters,21,1,1,1
2021-07_agglomerative_clusters,22,1,0,0
2021-07_agglomerative_clusters,23,1,1,1
2021-07_agglomerative_clusters,24,1,1,1
2021-07_agglomerative_clusters,25,1,1,1
2021-07_agglomerative_clusters,26,1,1,1
2021-07_agglomerative_clusters,27,0,0,1
2021-07_agglomerative_clusters,28,1,1,1
2021-07_agglomerative_clusters,29,1,1,1
2021-07_agglomerative_clusters,30,1,1,1
2021-07_agglomerative_clusters,31,1,1,1
2021-07_agglomerative_clusters,32,1,1,1
2021-07_agglomerative_clusters,33,1,1,1
2021-07_agglomerative_clusters,34,1,1,1
2021-07_agglomerative_clusters,35,0,0,1
2021-07_agglomerative_clusters,36,1,0,0
2021-07_agglomerative_clusters,37,0,0,0
2021-07_agglomerative_clusters,38,1,1,1
2021-07_agglomerative_clusters,39,1,1,1
2021-07_agglomerative_clusters,40,1,1,1
2021-07_agglomerative_clusters,41,1,1,1
2021-07_agglomerative_clusters,42,1,1,1
2021-07_agglomerative_clusters,43,0,1,0
2021-07_agglomerative_clusters,44,0,1,1
2021-07_agglomerative_clusters,45,0,0,0
2021-07_agglomerative_clusters,46,1,1,1
2021-07_agglomerative_clusters,47,0,0,0
2021-07_agglomerative_clusters,48,1,1,1
2021-07_agglomerative_clusters,49,1,1,1
2021-07_agglomerative_clusters,50,1,1,1
2021-07_agglomerative_clusters,51,1,0,0
2021-07_agglomerative_clusters,52,1,0,0
2021-07_agglomerative_clusters,53,1,1,1
2021-07_agglomerative_clusters,54,0,0,0
2021-07_agglomerative_clusters,55,1,0,0
2021-07_agglomerative_clusters,56,0,0,0
2021-07_agglomerative_clusters,57,1,0,0
2021-07_agglomerative_clusters,58,1,1,1
2021-07_agglomerative_clusters,59,1,0,0
2021-07_agglomerative_clusters,60,0,0,0
2021-07_agglomerative_clusters,61,1,0,0
2021-07_agglomerative_clusters,62,0,0,0
2021-07_agglomerative_clusters,63,1,0,0
2021-07_agglomerative_clusters,64,0,0,1
2021-07_agglomerative_clusters,65,0,1,0
2021-07_agglomerative_clusters,66,0,1,0
2021-07_agglomerative_clusters,67,1,0,0
2021-07_agglomerative_clusters,68,1,1,1
2021-07_agglomerative_clusters,69,0,0,0
2021-07_agglomerative_clusters,70,1,1,0
2021-07_agglomerative_clusters,71,1,0,0
2021-07_agglomerative_clusters,72,1,0,0
2021-07_agglomerative_clusters,73,1,0,0
2021-07_agglomerative_clusters,74,1,0,0
2021-07_agglomerative_clusters,75,1,0,0
2021-07_agglomerative_clusters,76,0,0,0
2021-07_agglomerative_clusters,77,1,0,0
2021-07_agglomerative_clusters,78,1,1,1
2021-07_agglomerative_clusters,79,1,0,0
2021-07_agglomerative_clusters,80,0,1,0
2021-07_agglomerative_clusters,81,1,1,1
2021-07_agglomerative_clusters,82,0,1,0
2021-07_agglomerative_clusters,83,1,0,0
2021-07_agglomerative_clusters,84,0,1,1
2021-07_agglomerative_clusters,85,0,1,1
2021-07_agglomerative_clusters,86,1,1,1
2021-07_agglomerative_clusters,87,1,0,0
2021-07_agglomerative_clusters,88,1,1,1
2021-07_agglomerative_clusters,89,1,1,1
2021-07_agglomerative_clusters,90,1,1,1
2021-07_agglomerative_clusters,91,0,0,0
2021-07_agglomerative_clusters,92,1,0,0
2021-07_agglomerative_clusters,93,1,1,0
2021-07_agglomerative_clusters,94,1,1,1
2021-07_agglomerative_clusters,95,1,0,0
2021-07_agglomerative_clusters,96,1,1,1
2021-07_agglomerative_clusters,97,0,0,0
2021-07_agglomerative_clusters,98,1,1,1
2021-07_agglomerative_clusters,99,1,0,0